mse,mae
925655.312500,478.238708
